id,nombre,horasTrabajadas,sueldo
1,Ashleigh,Hazard,true,34678
2,Timmi,Ahrend,true,28393
3,Rowena,Royans,true,95639
4,Falkner,Kann,false,77326
5,Zedekiah,Culvey,true,83595
6,Cherey,Folland,false,97558
7,Moore,Dodshon,true,44277
8,Giraldo,Seville,true,46919
9,Cathi,Timberlake,false,15690
10,Emmalynne,Spencook,false,17661
11,Andros,Renols,true,80638
12,Alexis,McCudden,true,47469
13,Riva,Edelston,true,98609
14,Bren,Bodiam,false,44114
15,Ivonne,Bisley,true,94568
16,Ronald,Cope,true,93304
17,Gunar,Guilloux,true,45329
18,Caryl,Kyffin,true,91122
19,Leontyne,Pollastrone,false,64538
20,Marj,Guislin,true,31018
21,Violetta,Laydel,true,97509
22,Karrah,Grigoliis,false,40901
23,Fabian,Oatley,false,29198
24,Kalina,Lamswood,true,56608
25,Tadeo,Jarrelt,true,58954
26,Rowland,Stonelake,false,18114
27,Serena,Windridge,false,51533
28,Joella,Leadbeater,true,20101
29,Eolanda,Dinan,true,64580
30,Allistir,Holton,false,80397
31,Jaquith,Calderwood,false,85548
32,Veronique,Pasfield,false,11808
33,Walther,Jannequin,false,74501
34,Eziechiele,Leonard,false,16706
35,Dari,Lambell,true,13227
36,Beltran,Varnes,true,28220
38,Werner,Overstall,true,19325
39,Eb,Lodevick,true,25988
40,Jerri,Kellick,false,27990
41,Abby,Clorley,false,76377
42,Federica,Pearle,true,73208
43,Ellis,Blois,false,27531
44,Abraham,McQuaker,true,34274
45,Cirilo,Minker,true,76403
46,Bibbye,Moberley,true,28171
47,Tomaso,Datte,true,62401
48,Alica,Robertucci,true,37140
49,Petronilla,McGahern,true,57135
50,Linus,Trundell,true,27189
51,Antonetta,Presslie,false,81825
52,Lorne,Gourley,false,71526
53,Ernesto,Brion,false,55879
54,Alberta,Chuter,false,87811
55,Jule,Crinkley,false,93255
56,Wilone,Halbert,false,99591
57,Marlow,Creeber,false,46360
58,Marmaduke,Dabel,false,29520
59,Cheri,Dackombe,true,97525
60,Jermain,Dummett,true,60555
61,Delphinia,Hawkshaw,false,68613
62,Eamon,Cornock,false,48801
63,Aristotle,Flinders,true,29261
64,Shurlocke,Gambrell,true,86037
65,Helaina,Chesterman,false,91050
66,Darren,Oxenbury,false,73860
67,Eziechiele,Carpenter,true,85812
68,Robinetta,Moscone,true,41936
69,Randie,Drane,true,35952
70,Devlen,Chanter,false,99502
71,Juanita,Linskill,true,50936
72,Kettie,Alpes,false,69033
73,Anselma,Lanktree,false,11067
74,Earle,Dumpleton,true,28434
75,Merci,Rait,false,23070
76,Stesha,Lammers,false,58729
77,Joyous,Recke,false,24189
79,Karoline,Hinge,false,67069
80,Margarethe,Elcome,true,27702
81,Hamid,Sollon,false,55008
82,Prent,Legen,false,74670
83,Tiena,Brownsell,true,73107
84,Martainn,Buxsey,true,89285
85,Forest,Coney,false,26672
86,Bianca,Dykas,true,43158
87,Debbie,Trenam,false,94496
88,Wilhelmina,Laxton,false,47926
89,Aurora,Johantges,true,99953
90,Humfrey,Sudron,true,32117
91,Murray,Marrow,false,46759
92,Leonore,Eden,false,19646
93,Hal,Mackrell,true,22637
94,Brandea,Sutehall,true,10722
95,Pier,Duffus,true,58828
96,Humbert,Dugget,false,30420
97,Catie,Broxholme,true,68439
98,Tiertza,Greenfield,false,14046
99,Ania,Brindley,false,63016
100,Timi,Lange,false,76920
101,Alexine,Pinchback,false,82270
102,Nevin,McDermott,false,82655
103,Cordi,Meynell,true,99932
104,Kai,Glavias,false,65633
105,Sandro,Feaveer,true,64798
106,Maurine,Methven,false,57545
107,Berget,Haggith,false,26079
108,Obed,Bolderoe,false,42301
109,Freddy,Baynes,false,26726
110,Timi,Rivelon,false,21866
111,Tiena,Dreghorn,false,30674
112,Jonathon,Dominguez,true,10710
113,Edyth,Grenfell,false,43239
114,Nert,Alden,false,51461
115,Chastity,Wybern,false,27954
116,Dolly,Brumbye,false,56498
117,Iver,Roggers,true,95618
118,Haily,Le Breton,false,99217
119,Lucilia,Cotsford,false,43411
120,Stefanie,Verna,true,20867
121,Nappy,Beuscher,false,22881
122,Emmeline,Michael,true,97136
123,Kale,Snowling,true,82665
124,Annmarie,Dawson,true,78032
125,Tybi,Dungay,false,53229
126,Cyril,Boddis,true,92302
127,Cordy,Nestoruk,true,48278
128,Bernadette,Sings,true,87422
129,Hannah,Gawler,true,29792
130,Augustine,Loadwick,true,26754
131,Justina,Dellenbroker,true,87547
132,Malachi,Bing,false,54999
133,Kahaleel,Sewards,false,13300
134,Rodolph,Assiratti,false,12109
135,Patricio,Arbuckel,false,26932
136,Electra,Wimes,false,60541
137,Maison,Tutton,true,28494
138,Vita,Meadmore,false,85227
139,Doe,Hagergham,true,36663
140,Marchall,Knowlson,false,16150
141,Joella,Boriston,false,49081
142,Tarah,Bocking,false,68911
143,Bartie,Torrie,false,58646
144,Mirella,Finlayson,false,65836
145,Linnea,Ondrich,false,52689
146,Truman,Chicken,false,33234
147,Robbi,Van Dalen,false,61713
148,Joe,Moxsom,false,98189
149,Nike,Immins,false,86834
150,Rafa,Lathee,true,38275
151,Frannie,Andress,false,76425
152,Thibaut,Wager,true,81533
153,Evangelia,Spratley,true,77351
154,Tory,Leabeater,true,62850
155,Geri,Creigan,false,83653
156,Scott,Applewhaite,false,68419
157,Cristina,Athy,false,59231
158,Maiga,Clougher,false,36687
159,Emelda,Evison,false,41810
160,Eziechiele,MacNucator,false,55902
161,Lib,Dadge,false,39753
162,Joel,Jinks,false,12593
163,Eada,Stickland,true,77101
164,Auberon,Fairlem,false,93115
166,Josefina,Fawssett,true,79602
167,Jedidiah,Boles,false,40683
168,Odette,Boich,false,88794
169,Aimil,Brightman,false,79215
170,Dorthea,Baake,true,56687
171,Winnifred,Blunden,false,27300
172,Harcourt,Spellesy,false,78392
173,Obadiah,Jeffers,false,63505
174,Skelly,Cozzi,false,62741
175,Arly,Sheber,false,44287
176,Quintilla,Auchterlony,false,80304
177,Rahal,Teacy,true,90190
178,Darius,Duxfield,false,54151
179,Roselin,Remmers,true,63968
180,Denyse,Leadstone,true,95442
181,Uri,Yurygyn,true,33541
182,Layne,Nerheny,false,88157
184,Davin,Echalie,true,11601
185,Emalee,Dutnell,false,55374
186,Paolina,Thaxter,true,39285
187,Klaus,Chalcot,false,33035
188,Julian,Emmanuel,true,13712
189,Lissi,Truckett,true,87844
190,Antony,Stouther,false,84136
191,Fidelity,Leupold,true,30377
192,Codie,Mollison,false,24775
193,De,Carbin,true,41215
194,Davie,Elderidge,false,31422
195,Welch,Spain,true,97003
196,Micah,Apthorpe,true,92791
197,Kalie,De Hooch,true,82655
198,Garnet,Mattheus,true,62138
199,Edmund,Dobrovsky,true,87392
200,Gawain,Yate,false,12021
201,Broderick,Lidgey,false,63342
202,Siward,Wilbore,true,58291
203,Ber,Yaakov,true,28153
204,Mattie,Torrance,true,64602
205,Vally,Routledge,true,92556
206,Oralla,Waslin,false,95620
207,Chevalier,Focke,false,32768
208,Britte,Stoffels,true,80311
209,Gerrie,Standall,false,14220
210,Lenard,MacElholm,true,29041
211,Camille,Hathorn,true,39874
212,Tatiana,Thome,true,41582
213,Ingelbert,Marr,true,13481
214,Morganne,Puttan,true,45203
215,Aristotle,Aickin,false,22772
216,Orson,Brixham,false,65707
217,Beilul,McElhargy,true,43100
218,Dianne,Josefsen,false,92661
219,Wilma,Phillipps,false,32209
220,Eleanore,Emmanueli,false,49145
221,Haily,Godart,true,86813
222,Wini,Bolsteridge,false,47706
223,Ludovico,Vince,false,82312
224,Quinn,Verry,false,82503
225,Murdock,Hustler,true,61864
226,Kitti,Restorick,true,42716
227,Gael,Wonham,true,28567
228,Morie,Canet,true,38486
229,Deloria,Lydster,true,23113
230,Margit,Pauncefort,false,18027
231,Sutherland,Gravey,false,90194
232,Temp,Pont,true,34593
233,Sherm,Coddrington,false,23516
234,Wolfy,Skrine,true,35011
235,Giraldo,Amorts,true,12820
236,Alisa,Ragat,false,47428
237,Bambi,Kyteley,false,33125
239,Les,Grishinov,false,57178
240,Bord,Toseland,true,77352
241,Carmon,Bavridge,true,98570
242,Smitty,Albery,true,66006
243,Selig,Trineman,true,16499
244,Colan,Condy,false,33490
245,Husein,Pillans,true,22852
246,Alessandra,Murphy,true,26251
247,Jerrold,Boxer,false,58827
248,Koenraad,Coffee,false,88322
249,Cordey,Ablett,false,30870
250,Orazio,Martyntsev,false,38982
251,Leila,Yosifov,false,24423
252,Axel,Ortell,true,46804
253,Cortie,Abotson,false,83887
254,Linn,Loftus,true,76315
255,Kellby,Langdridge,true,86848
256,Konrad,Daveran,false,46984
257,Mendy,Czaple,false,65403
258,Vachel,Pell,true,49594
259,Cortney,Grzelczak,true,65365
260,Shell,Fyfield,false,18390
261,Barbabas,Crannage,false,46920
262,Dannie,McFadden,false,82193
263,Bertina,Took,false,61583
264,Ruthann,Aloshechkin,true,95217
265,Betteanne,Halpine,false,30839
266,Lenka,Wychard,false,43597
267,Sissie,Berger,false,89333
268,Farica,Lock,true,71789
269,Jerri,Semonin,false,99528
270,Melantha,Meyrick,false,48809
271,Jack,Rathborne,false,57723
272,Flossy,Linstead,false,40863
273,Joby,Applewhite,true,23830
274,Daryl,Schanke,true,87832
275,Kathye,Abrahamowitcz,true,91876
276,Pauline,Quarless,true,82492
277,Ebenezer,Ferrelli,false,14711
278,Goraud,Klisch,true,84874
279,Marne,Audry,false,47319
280,Adolph,Swettenham,true,54955
281,Derek,Krienke,true,62113
282,Anna,Aronowicz,true,27898
283,Stephani,McCrisken,false,58391
284,Russell,Hedau,true,67501
285,Butch,Baribal,false,44029
286,Gerrard,Schubart,false,87241
287,Zared,Blucher,true,29868
288,Brynn,Glading,false,12326
289,Rancell,Peppard,false,79303
290,Jodie,Mathon,false,24562
291,Ajay,Hickford,false,31580
292,Eleni,Blackaller,false,39326
293,Van,Andrzejewski,true,14916
294,Doy,Casella,false,40771
295,Angus,Snarie,true,63766
296,Joline,Eastway,false,20771
297,Godfrey,Savile,false,47273
298,Josee,Golborne,true,16437
299,Ricardo,Dytham,true,40570
300,Griffin,Hunnicutt,false,38603
301,Nelle,Bonney,false,35185
302,Zebedee,Whistlecroft,true,97154
303,Conway,Turfitt,true,69162
304,Marabel,Goulborne,false,91740
305,Adelheid,Jeanet,true,44512
306,Dollie,Trytsman,false,60597
307,Sim,Rosenfield,true,44419
308,Matthaeus,Thornton,false,88513
309,Ailee,Hellicar,true,15789
310,Nolie,McCheyne,false,89864
311,Noni,Bentzen,true,20737
312,Willis,Norquay,true,37274
313,Harrietta,Bredgeland,true,25542
314,Kerry,Patron,false,70098
315,Rivalee,Caston,false,28391
316,Reba,Duplock,false,67273
317,Adan,Rignall,false,34896
318,Birch,Trubshaw,true,38744
319,Stafford,Lattka,false,74440
320,Rowland,Rapelli,true,61335
321,Celina,Harriot,true,36078
322,Lenee,Greenrodd,false,20681
323,Artair,Sly,false,97992
324,Cassie,Francillo,true,19824
325,Arther,Hindenberger,true,64602
326,Sheppard,Janoch,true,39532
327,Corie,Greaterex,false,43091
328,Thedrick,Ivanets,true,84259
329,Terri,Jorg,false,61352
330,Meara,Colloby,false,38814
331,Yankee,Allmond,true,54632
332,Vikky,Goodrum,false,11784
333,Mano,Casbolt,false,62861
334,Pam,Ruslinge,true,81445
335,Tim,Chrismas,false,80206
336,Tadd,Clewlowe,true,36972
337,Lavena,Padula,true,47884
338,Stormi,Aulds,false,34235
339,Augie,Kilian,false,90642
340,Eustace,Lugton,false,67539
341,Melessa,Eard,true,43690
342,Magdaia,Sears,false,88424
343,Bogey,Tofts,true,40452
345,Nanice,Wabersinke,true,37806
346,Lilas,Oldis,true,56908
347,Darryl,Scarre,false,76794
348,Erminia,Sieb,true,71387
349,Rudolfo,Hof,false,27252
350,Aubree,Leall,true,17581
351,Carmon,Dicker,true,41361
352,Worthington,Lamar,true,51364
353,Jory,Tumioto,false,16945
354,Humfrid,Owens,false,77519
356,Kearney,Stonhewer,true,19331
357,Rosa,Hadigate,false,67978
358,Aliza,Geany,true,88641
359,Clay,Goodwins,false,18935
360,Murvyn,Wimlett,true,53552
361,Worthy,Tilbey,true,21402
362,Marylee,Towle,false,97509
364,Maighdiln,Chevins,true,76964
365,Danny,Ninotti,false,26723
367,Bess,Zapata,true,68780
368,Darrick,Babonau,true,60332
369,Lanae,Farquhar,false,83474
370,Ethelyn,Reaveley,false,74747
371,Griffith,Hrus,false,16543
372,Kelci,Bromfield,false,24436
373,Neill,Fend,false,63529
374,Bank,Gilby,false,97784
375,Charley,Jedrzejkiewicz,false,14343
376,Carissa,Garthland,true,36345
377,Kristoffer,Dudenie,true,55904
378,Athene,Revington,true,82853
379,Clarke,Call,false,20672
380,Margarethe,Dank,false,64986
381,Gilbertine,Gecks,false,68043
382,Charlena,Chuter,false,13157
383,Loree,Waggatt,false,16907
384,Dalton,Chestnutt,false,56413
385,Raine,Bartolomieu,true,39694
386,Amby,Silbert,true,64980
387,Colleen,Shafe,false,42568
389,Abby,Ruprich,true,52463
390,Henriette,Renbold,false,59622
391,Ewan,Bretland,true,23848
392,Talia,Gercke,true,90165
393,Ward,Grinval,true,88682
394,Ashley,Pennetti,true,92838
396,Nelli,McNeish,false,63605
397,Ross,Ogden,false,36121
398,Jeanna,Wigzell,true,98879
399,Eadmund,Whyatt,true,61674
400,Orly,Gradley,true,43555
401,Jacquelyn,Moncur,false,28636
402,Rhoda,Gittus,false,80578
403,Jade,McLarnon,false,88562
404,Elston,Megany,true,47992
405,Jasun,Fransseni,true,34914
406,Luther,Prantl,true,19105
407,Bryna,Keson,true,56788
408,Sigismund,Whittlesey,false,69906
409,Leila,Sommerlie,true,72033
411,Trudie,MacAllaster,true,89166
412,Vasili,Sauvain,false,75488
413,Val,Simmon,false,13349
414,Genni,Van De Cappelle,false,63609
415,Jewel,Stickney,false,46537
416,Romy,Boyne,true,90737
417,Nelli,Lindwasser,true,66678
418,Coretta,Bedminster,false,32698
419,Nicol,Pawelec,true,65947
420,Pincas,Leadbetter,true,73532
421,Hoyt,Tomlinson,false,34283
422,Celine,Sugden,false,85022
423,Darrin,Hawkes,false,38989
424,Walker,Nawton,true,17491
425,Garwood,Cottam,true,56749
426,Sapphira,Klisch,true,28755
427,Waldo,Currall,false,11427
428,Joanie,McKintosh,true,49019
429,Fowler,Sturley,true,47640
430,Kris,Foston,true,95778
431,Maximilien,Jerromes,false,22567
432,Marney,Band,false,25585
433,Sadye,Gemson,false,88788
434,Toni,Brum,true,29160
435,Crystie,Heading,false,37056
436,Beauregard,MacShane,false,79428
437,Bertha,Milton-White,true,91426
438,Kellie,Chettle,false,62098
439,Patrizio,Serotsky,false,64221
440,Reider,Forty,false,56875
441,Loise,Carrivick,true,80196
442,Hamel,Baraclough,false,43379
443,Heda,Knock,true,40864
444,Jo,Climson,true,93642
445,Carlos,Downage,false,95660
446,Jenifer,Harrinson,true,59926
447,Tripp,Garvie,false,76010
448,Ezechiel,Caffery,false,58507
449,Kort,Mangham,true,98849
450,Marvin,Houlridge,true,35822
451,Ramona,Lindenman,true,73574
452,Lisabeth,Bessom,false,69534
453,Galvin,Crallan,false,97110
454,Kelcey,Purchon,false,33788
455,Kania,Rosenfarb,false,51114
456,Sal,Mielnik,true,21860
457,Romona,Likly,false,97014
458,Arden,Anderl,true,59141
459,Dulcia,Mewe,false,71673
460,Else,Bonney,true,48693
461,Melony,Terrans,false,98087
462,Ulrica,Hylands,true,13996
463,Stefano,Neem,false,63607
464,Jaclyn,Mossop,true,19540
465,Randa,Lewton,false,96752
466,Beatrix,Tommasetti,false,19872
467,Elston,Riha,false,93363
468,Lorry,Hagerty,true,32852
469,Bunni,Tarbatt,false,50204
470,Jasmina,Disbrow,true,67920
471,Jacky,Camble,true,40475
472,Fabien,Mattaus,false,44024
473,Deni,Barabich,true,76171
474,Brett,Andrioni,false,60683
475,Clare,Jagielski,true,88263
476,Bryn,Bines,false,61074
477,Forrester,Jankin,false,21481
478,Marlowe,Folker,false,54629
479,Putnam,Binfield,true,28010
480,Barn,Adair,false,24425
481,Rad,Rudkin,true,44785
482,Gayla,Izkovitz,true,83093
483,Sapphire,Yanukhin,false,32666
484,Rosene,Iacovucci,true,63517
485,Humphrey,Midden,true,83889
486,Peg,Frede,true,80529
487,Elsey,Hexter,true,73494
488,Jenni,Hanscom,true,24614
489,Carly,Holworth,false,47809
490,Alica,Camerati,false,39169
491,Dietrich,Ansill,false,98587
492,Penni,Oxshott,true,61327
493,Andria,Reen,false,56043
494,Esther,Durante,true,55738
495,Reinhard,Corradi,false,60009
496,Felipe,McLugish,false,59456
497,Octavia,Sivier,false,11377
498,Marci,Crowd,false,73467
499,Mahala,Josefovic,true,12953
500,Abbie,Enrigo,true,16926
501,Cyndie,Rainsden,true,49176
502,Herrick,Bielfeldt,false,73831
503,Patricia,Kadar,true,17281
504,Adan,Gregoli,false,42275
505,Hedwig,Freathy,true,59602
506,Stephie,Dainton,true,32608
507,Zacharie,Mayne,false,86621
508,Aubrette,Given,true,40542
509,Cortie,Marquez,true,61533
510,Florencia,Lawey,false,30461
511,Judi,Caesmans,true,12167
512,Ash,Myrkus,false,35899
513,Cathlene,Chesters,true,55460
514,Chev,Eldritt,true,90843
515,Jennine,Dalgarnocht,false,17779
516,Taite,Schruyers,false,80678
517,Tomaso,Carlisi,false,18917
518,Lettie,Khoter,true,49630
519,Shep,Brame,false,27833
520,Kincaid,Sang,false,18547
521,Carry,Campos,true,38560
522,Zacharia,Fylan,false,43047
523,Florri,Cescotti,true,74780
524,Codie,Castilljo,false,30002
525,Denys,Luesley,false,48223
526,Kelsi,Grellier,false,79106
527,Georgeanna,Manicom,false,44746
528,Had,Byrkmyr,true,65951
529,Nerte,Melbury,false,97768
530,Rickie,Kenney,false,33062
531,Oriana,Bruster,true,93645
532,Noam,Snowling,false,27260
533,Sloan,Cleatherow,true,22357
534,Faydra,Neasham,true,81518
535,Ronnica,Dinsey,true,26603
536,Carroll,Rafferty,false,62948
537,Humphrey,Haycox,true,59647
538,Alphonse,Rablan,false,27325
539,Kissiah,Baigrie,true,89788
540,Jamison,Aisbett,false,63098
541,Sydel,Margerrison,false,34490
542,Hillie,Scarbarrow,false,76730
543,Aidan,Keunemann,true,31888
544,Aurelea,Ruscoe,false,95546
545,Alasteir,Scottini,false,74904
546,Harwilll,Taber,false,36011
547,Kristyn,Salleir,true,77239
548,Eliza,McInility,true,89910
549,Ofelia,Dulake,false,20528
550,Erica,Blue,true,61926
551,Moses,Barizeret,true,70067
552,Sandye,Quincee,false,24826
553,Hi,Wyldish,true,57686
554,Min,Mathan,true,69352
555,Manfred,Clubb,true,63447
556,Archer,Targetter,true,12257
557,Erroll,Fairhurst,true,44740
558,Lizette,Honisch,false,21988
559,Mitchel,Pley,false,87411
560,Jessamine,Vasyutkin,false,64639
561,Allegra,Freeland,false,53935
562,Peter,Dansie,false,51094
563,Lew,Aylwin,true,96389
564,Harland,Goldsworthy,true,51115
565,Nil,Bosket,false,64715
566,Lenee,Kleinpeltz,false,19319
567,Sophie,Sidsaff,false,23256
568,Emmalynne,Langeley,true,51071
569,Gisele,Matuszinski,false,15252
570,Violette,Baitson,true,91170
571,Kurtis,Mcall,true,15587
572,Vito,Stiff,false,77698
573,Nikolai,Mouth,false,63458
574,Yance,Whines,true,29575
575,Annamaria,Marjoribanks,true,10878
576,Hatti,Tinmouth,false,62345
577,Renate,Hyrons,true,53603
578,Donalt,Monketon,false,32505
579,Liuka,Hardisty,true,36241
580,Farley,Windmill,false,26592
581,Urbain,Bakesef,false,94839
582,Bret,Perrat,false,52340
583,Elyse,Collens,true,42485
584,Reed,Wishart,false,17865
585,Eba,Napolitano,false,13345
586,Rheba,Eede,false,93694
587,Dante,Broune,false,45538
588,Gwen,Lecky,false,29902
589,Gusti,Humerstone,false,94460
590,Kary,Howard,false,22877
591,Forrest,Maunton,false,70964
592,Maryanne,Yakubov,true,47214
593,Amie,Dudney,true,67390
594,Mariam,Matthessen,true,21309
595,Duncan,Bussell,true,65838
596,Diane,Nurdin,true,37223
597,Hurlee,Ricciardiello,false,46753
598,Kennett,Fettes,false,19480
599,Merci,Hugonin,false,59010
600,Allayne,Grigoryev,false,23580
601,Nertie,Coltman,false,37469
602,Rivalee,Simonite,true,67633
603,Willem,Figura,false,80255
605,Krista,Normand,true,68757
606,Randi,Osler,false,14672
607,Christabella,Quickenden,true,87860
608,Marchall,Reston,true,19648
609,Stephannie,Brendish,false,10812
610,Brad,Mew,true,16221
611,Chadwick,Brannon,true,42042
612,Thaxter,McElmurray,false,96118
613,Cyrill,Marlowe,true,93995
614,Hanson,Bastow,false,74947
615,Rafael,Cleeton,true,16457
616,Tobiah,Hankey,true,59465
617,Amabel,Patterfield,false,27811
619,Beale,Malyan,false,53363
620,Terrijo,Halwell,true,43279
621,Heloise,Wemes,false,35051
622,Temple,Halewood,false,63541
623,Bunnie,Alban,false,93277
624,Rik,Mallabar,false,69558
625,Bari,Vela,false,77855
626,Bartolomeo,Aronow,false,22322
627,Steffen,Lovatt,false,80066
628,Rosaline,Robeiro,true,78878
629,Alejoa,Shirer,true,70797
631,Nappy,Craythorne,false,42998
632,Gerik,Passe,true,18041
633,Dunstan,Girodin,true,19017
634,Ira,Kernan,true,84467
635,Rudie,Carcass,false,71268
636,Roddie,Clewett,false,64674
637,Bogey,Matthessen,false,14355
638,Trish,Nell,false,87487
639,Lyell,Radwell,true,71390
640,Arlen,Parley,true,35717
641,Lynnette,Lavington,true,30692
642,Sheelah,McBrearty,true,48251
643,Rikki,Oventon,false,40011
644,Nikoletta,Peterken,true,99295
645,Wynne,Kleinert,true,32718
646,Trixy,Arminger,false,50227
647,Rufe,Facchini,false,47601
648,Bar,Salt,false,97808
649,Tilly,Roskilly,false,42184
650,Loren,Gencke,true,92528
651,Sheelagh,Klemencic,true,23346
652,Jedidiah,Yitzowitz,false,66805
653,Geri,Mc Pake,true,54358
654,Nike,Bullivant,false,56329
655,Chrisse,Pendergrast,false,28988
656,Darda,Blowers,true,42138
657,Cy,Boatright,true,88593
658,Amanda,Schaben,false,99943
659,Graig,Currall,false,10489
660,Alvina,Gather,false,97452
661,Swen,Fencott,true,48450
662,Bari,Ould,true,10979
663,Aurilia,Birchall,true,85541
664,Any,MacKomb,false,13175
665,Hanan,Padillo,true,90144
666,Alonso,Harling,false,85660
667,Adolph,Lillo,true,29120
668,Karleen,Sieb,false,29997
669,Keary,Tamsett,false,57688
670,Bennett,Climo,false,50578
671,Bertina,Gorst,true,22000
672,Dorothea,Woolmington,false,30570
673,Archibaldo,Bushaway,true,38981
674,Fonz,Goulbourne,false,65558
675,Allayne,Peppard,true,45267
676,Annabel,Empleton,false,68216
677,Raffaello,Barnhart,true,55388
678,Bernie,Armiger,true,83330
679,Maddalena,Petrishchev,true,47605
680,Tallie,Kasman,true,26354
681,Rodie,Peck,false,37010
682,Robert,Berrisford,true,34177
683,Freddy,Crannach,false,75772
684,Bonnibelle,Speck,false,47874
685,Gregg,Niblo,false,18633
686,Blondie,Ambrodi,true,59735
687,Myca,Blackett,true,28639
688,Meggy,Meo,false,78272
689,Barbara,Nilles,false,88624
690,Jennette,Maryska,false,10374
691,Nero,Munnery,false,51454
692,Vicky,Gercke,true,89549
693,Abramo,Tidmarsh,true,53021
694,Roddie,Botwright,true,82755
695,Lani,Orme,true,64588
696,Abram,Barrowclough,true,53461
697,Viviana,Breward,true,51569
698,Cloris,Fibbit,true,44920
699,Adamo,Jamme,false,75389
700,Rose,Causby,true,98623
701,Gabie,Middleditch,false,47257
702,Shelby,Lean,true,78985
703,Rudolfo,Benettini,true,46449
704,Carmina,Fellgett,true,14202
705,Claudia,Koppen,true,11804
706,Jermaine,Alecock,false,66293
707,Melonie,Londors,false,17361
708,Mata,Checchi,false,84181
709,Dana,Boch,true,46673
710,Rollins,Dorot,false,87969
711,Meagan,Gwinnel,false,14973
712,Manfred,Philipsson,true,27456
713,Wilone,Hallwell,false,89063
714,Quincy,Cuerda,true,34801
715,Morton,Whitlaw,true,75784
716,Hewie,Chiswell,true,59207
717,Georgette,Label,true,85277
719,Eustacia,McAlroy,false,13734
720,Dion,Ancliffe,false,38138
721,Tanner,McKennan,false,11500
722,Charo,Leathem,false,27620
723,Dee,Cobbledick,false,41946
724,Lula,Hancox,true,66615
725,Kelley,Collings,false,93696
726,Saul,Longwood,false,74058
727,Clementia,Moyer,false,44802
728,Lowrance,Thireau,false,29369
729,Nicol,Kipping,true,28568
730,Domenico,Duckitt,true,39902
731,Antonetta,Mussington,true,12045
732,Giles,Pennicard,true,56815
733,Pauletta,Raysdale,true,78998
734,Georgina,Boon,false,13766
735,Evangelin,MacGuffog,false,14300
736,Cristine,Wykes,false,94866
737,Loreen,Gofforth,false,20470
738,Carita,Bontein,true,27354
739,Auguste,Osmar,true,81066
740,Gussy,Berns,false,87647
741,Margarethe,Plackstone,true,26698
742,Gwynne,Chellenham,false,98541
743,Goldina,Gosney,false,81051
744,Cyrille,Mongin,false,46032
745,Pris,Ducham,true,77448
746,Moss,Poge,false,58539
747,Jaine,Shere,true,89699
748,Andra,Dwyer,true,95099
749,Grange,Gristwood,true,66883
750,Stacee,Brigham,true,31248
751,Jan,Freshwater,false,32841
752,Danny,Pegrum,false,88991
753,Elnore,MacPaden,false,73657
754,Arlee,Sutworth,true,78489
755,Jaine,Brinkler,false,43374
756,Anatola,Loads,false,79036
757,Arlie,Pavlik,false,37696
758,Hedvige,Flaonier,false,19354
759,Dicky,Really,false,43841
760,Federica,Glanville,true,45261
761,Nehemiah,See,false,39100
762,Chelsie,Balchen,false,43593
763,Susi,Duffie,true,89908
764,Hewet,Conant,true,74596
765,Orlando,Pollak,false,22612
766,Ida,Gallemore,true,15086
767,Lisette,Biffen,true,50131
768,Marti,Sheivels,true,42082
770,Wolfie,Kenelin,true,83243
771,Early,Hilliam,false,57625
772,Modestine,Davydychev,false,37996
773,Free,Lever,true,60439
774,Hammad,Amott,false,88315
775,Mose,Cayzer,true,18291
776,Shayne,Beadman,false,19629
777,Gauthier,Hawney,true,37372
778,Lonny,Busfield,true,39568
779,Gherardo,Jessup,true,71048
780,Masha,Auckland,false,28035
781,Oliver,Hinder,true,98442
782,Reinaldo,Showalter,true,97371
783,Emanuel,Worral,false,51951
784,Malena,Renfield,true,42853
785,Bertrando,McKinlay,false,68451
786,Wilhelm,Stebbings,true,44391
787,Bryana,Scarrott,false,56074
788,Cathyleen,Denton,false,94724
789,Bobine,Damrell,false,23052
790,Justine,Ianne,false,48855
791,Hattie,Eatherton,false,43908
792,Holden,Hebbron,false,50985
793,Deeanne,Rosenhaus,false,31542
794,Bryn,Dunican,true,36629
795,Aggy,Reaper,true,84756
796,Valaria,MacPake,true,66216
797,Ganny,De La Salle,false,79306
798,Gerhardine,Linne,false,86314
799,Debi,Fideler,false,58737
800,Leeanne,Hellyar,false,21209
801,Claire,Peasnone,true,12461
802,Maegan,Samme,false,81280
803,Margit,Schollar,true,74371
804,Myrwyn,Butlin,true,64845
805,Ivette,Cregeen,false,71953
806,Kaylyn,Von Oertzen,true,55669
807,Billi,Beincken,true,96945
808,Prinz,Forward,false,73585
809,Lion,Loosmore,true,72230
810,Chen,Muckart,false,28581
811,Saxon,Schroeder,true,65015
812,Sonni,Winkworth,false,48538
813,Edin,Fivey,true,19453
814,Sargent,Twinbourne,false,29413
815,Conni,Choppin,true,52584
816,Hettie,Cuthbert,false,23873
817,Chase,Raynor,false,36058
818,Doug,Cooksley,true,97159
819,Kelsy,Mushart,false,32574
820,Talbert,Seamans,false,48986
821,Zared,Mushrow,true,58670
822,Shermy,Maywood,false,30795
823,Darice,Rowdell,true,44310
824,Rodolph,Pouton,true,96453
825,Menard,Ramshay,false,90858
826,Ninnette,MacCafferty,false,54825
827,Ber,Youde,true,53263
828,Rurik,Baselio,false,41228
829,Yoshi,Ilchuk,false,23968
831,Caren,Pinnion,false,99430
832,Shantee,Golthorpp,true,93194
834,Claiborne,Upham,true,54386
835,Alexei,Binch,true,72317
836,Putnam,Lory,false,18134
837,Valry,Boustred,false,34995
838,Gladys,Brombell,false,42888
839,Dionysus,Vankeev,false,10687
840,Jenilee,Ruddock,true,18875
841,Bancroft,Guerri,false,54722
842,Maurita,Sellens,true,96920
843,Bunnie,Donnell,true,80240
844,Kristi,Rhodef,false,96389
845,Ingmar,Tebboth,true,83428
846,Brice,Grieves,true,97371
847,Portie,Monini,false,98892
848,Reube,Kearns,false,12568
849,Aggie,Greeveson,false,90183
850,Maurizio,Gaisford,true,49362
851,Baxy,Lomax,false,13457
852,Gwenora,Delap,true,27125
853,Ryon,Kift,true,31660
854,Siffre,Cumberland,false,62867
855,Warde,Heibl,true,74403
856,Cobb,Ropking,true,26196
857,Chrysler,Dudny,false,24171
858,Brandon,Axby,false,63129
859,Haskell,Bracchi,false,86104
860,Gratia,Purkis,false,99314
861,Ted,Sebright,false,98750
862,Patrice,Abisetti,true,49700
863,Larisa,Blaxlande,false,10448
864,Westleigh,Dansie,false,63233
865,Erie,Knottley,false,79134
866,Cullie,Rattray,true,31916
867,Wallas,Kerfut,false,74022
868,Wilmar,Keaysell,false,13933
869,Lorine,Hellikes,false,52015
870,Dene,Nelle,true,72007
871,Stevie,Gallyhaock,true,38257
872,Jeralee,Kibble,true,66590
873,Elita,Trouncer,false,81673
874,Orsola,Pitchers,true,17498
875,Corabel,Nussen,false,82606
876,Cammy,Jain,true,16009
877,Fawnia,Barstow,true,74721
878,Lindsay,Muggleton,true,21673
879,Sharl,Wehner,false,66826
880,Jeannette,Fishly,true,12542
881,Durante,Roycroft,false,56596
882,Bennie,Godier,true,72423
883,Minor,Woolis,false,12938
884,Lamont,McNabb,true,56098
885,Thibaud,Stolte,false,41626
886,Augusto,De La Hay,false,52241
887,Alix,Worster,false,93309
888,Carolina,Frascone,true,96899
889,Channa,Grabb,true,44143
890,Deloris,Vogt,false,91663
892,Kay,Alder,true,20774
893,Emmalee,Purves,false,33794
894,Joby,Ogg,false,46970
895,Rodney,Manners,true,60741
896,Jannel,Brownell,false,63691
897,Gregory,Yearsley,false,13110
898,Fernandina,Sadlier,true,45994
899,Dorrie,Acom,false,19033
900,Danell,Deas,true,81295
901,Aili,Dawidowitz,true,33176
902,Marcello,Try,false,85852
903,Gertrudis,Trump,false,75004
904,Gerry,Vaughton,false,90723
905,Libbi,Stollery,false,54089
906,Joyann,Cotgrove,true,51861
907,Izabel,Leadley,true,39924
908,Whitman,Aldin,false,32927
909,Cindelyn,Rylstone,true,54539
910,Sallyanne,Scotti,false,33832
911,Heida,Jeffers,true,98821
912,Vyky,Bayfield,false,64820
913,Byrom,Armstead,false,30559
914,Aristotle,Statton,false,37814
915,Friedrich,Stilwell,true,78920
916,Melony,Elwell,false,24517
917,Reynolds,Cliburn,false,97459
918,Renate,Sikora,false,66428
919,Barnebas,Pagin,false,62914
920,Kerrin,Swanwick,true,95297
921,Pennie,Daburn,true,74860
922,Erhard,Gaitung,false,46395
923,Luca,Paviour,false,69687
924,Bethena,Shapland,false,52047
925,Allyce,Sogg,true,57388
926,Pam,Werner,true,61803
927,Peterus,Pendlebury,false,27790
928,Arleta,Kunisch,false,15146
929,Herbie,Bradnock,false,56276
930,Chelsy,Salaman,true,14166
931,Jayson,Dotson,false,17867
932,Nathaniel,Lodeke,false,83842
933,Margy,Pratton,false,14473
934,Sauncho,Bonallack,false,80146
935,Ardyce,Brazur,true,62453
936,Quinton,Leeke,false,37660
937,Clywd,Banaszkiewicz,false,85618
938,Antonetta,Gudyer,true,62556
939,Svend,Hesbrook,false,43707
940,Sigismondo,Dix,true,55213
941,Opalina,Paddick,false,16105
942,Bordy,Woolf,false,50053
943,Wallie,Faraker,false,95769
944,Sigfried,Iuorio,true,42827
945,Keven,Fivey,true,43306
946,Rowland,Pawfoot,true,54231
947,Cecil,Burfoot,true,34189
948,Aube,Coupman,true,65099
949,Clarita,Kamiyama,false,36390
950,Paulo,Ladson,true,31902
951,Devlen,Medgewick,true,79576
952,Demeter,Stonary,false,48436
953,Lonnie,Bedbury,false,30155
954,Astra,Hankins,true,14356
955,Lorenza,Bryers,true,78928
956,Fidole,Dodgson,true,49628
957,Berkley,Lionel,true,63646
958,Tanya,Seiler,true,81947
959,Cass,Huc,false,93112
960,Minnie,Magson,false,55792
961,Arlina,Ambroz,true,96681
962,Rock,Bance,true,88207
963,Nancy,Adds,false,24183
964,Blanch,Lipmann,true,12532
965,Judas,Whiteoak,true,25069
966,Isobel,Elster,true,46518
967,Lorette,De Gouy,false,61573
968,Gilly,McGloin,true,97307
969,Brittney,Glasard,true,98039
970,Kean,Annear,false,89781
971,Kristen,Frome,false,52115
972,Oby,Duberry,false,65875
973,Brodie,Fittis,false,17500
974,Gaynor,Silverston,false,26993
975,Debi,Lorie,false,75320
976,Lois,Croneen,true,50604
977,Val,Garrick,false,55246
978,Kit,Hemms,false,54836
979,Carolynn,Vannuccinii,false,67672
980,Andrea,Bloxsom,false,91839
981,Raychel,Harriot,true,35722
982,Margy,Absolem,false,38927
983,Camilla,Brenneke,true,46937
984,Hendrik,Sperrett,true,12210
985,Hall,Degli Antoni,true,65797
986,Marigold,Skuce,true,18047
987,Nadean,Lemonnier,true,48196
989,Donny,Shirtliff,true,64715
990,Chlo,Levin,true,71515
991,Scarface,Willarton,true,68187
992,Nickie,Roderighi,true,93048
993,Caty,Reggio,false,58118
994,Duffie,Lewson,true,55550
995,Veradis,Palmer,true,68374
996,Charmain,Gambrell,true,71084
997,Tabbi,Schuricht,true,55630
998,Atlanta,Fyfe,true,41969
999,Elsbeth,Catterell,true,68032
